property_id,suburb,property_type,sale_date,sale_price,bedrooms,bathrooms,car_spaces,land_size_sqm,distance_to_cbd_km,median_suburb_income_k,school_zone_rank,address
MOS-0001,Mosman,Unit,2026-09-29,980000,2,1,,,8.0,185.0,5,"11/90 Raglan Street, Mosman"
MOS-0002,Mosman,Unit,2026-09-22,980000,1,1,1,,8.0,185.0,5,"305/55 Harbour Street, Mosman"
MOS-0003,Mosman,Unit,2026-09-18,871000,2,1,1,,8.0,185.0,5,"3/33 Mosman Street, Mosman"
MOS-0004,Mosman,Unit,2026-09-17,905000,2,1,,,8.0,185.0,5,"313/88 Vista Street, Mosman"
MOS-0005,Mosman,Unit,2026-09-12,730000,1,1,1,,8.0,185.0,5,"8/88 Avenue Road, Mosman"
MOS-0006,Mosman,Unit,2026-09-08,750000,1,1,,,8.0,185.0,5,"7/10 Muston Street, Mosman"
MOS-0007,Mosman,Unit,2026-09-03,1450000,1,1,,,8.0,185.0,5,"13/5 The Esplanade, Mosman"
MOS-0008,Mosman,Unit,2026-08-21,790000,1,1,,,8.0,185.0,5,"3/17 Milner Street, Mosman"
MOS-0009,Mosman,Unit,2026-08-19,930000,1,1,1,,8.0,185.0,5,"111/116 Belmont Road, Mosman"
MOS-0010,Mosman,Unit,2026-08-18,1240000,2,1,,,8.0,185.0,5,"4/67 Bradleys Head Road, Mosman"
MOS-0011,Mosman,Unit,2026-08-13,2558000,3,2,2,,8.0,185.0,5,"6/139-153 Middle Head Road, Mosman"
MOS-0012,Mosman,Unit,2026-08-12,1600000,2,1,1,,8.0,185.0,5,"14/669 Military Road, Mosman"
MOS-0013,Mosman,Unit,2026-08-10,700000,1,1,1,,8.0,185.0,5,"9/71 Avenue Road, Mosman"
MOS-0014,Mosman,House,2026-08-10,3080000,4,3,2,,8.0,185.0,5,"22A Upper Avenue, Mosman"
MOS-0015,Mosman,Unit,2026-08-06,2000000,2,2,1,,8.0,185.0,5,"4/23 McLeod Street, Mosman"
MOS-0016,Mosman,House,2026-08-05,4900000,4,3,1,462,8.0,185.0,5,"77 Belmont Road, Mosman"
MOS-0017,Mosman,Unit,2026-08-04,895000,2,1,,,8.0,185.0,5,"2/114 Spit Road, Mosman"
MOS-0018,Mosman,Unit,2026-08-04,975000,2,1,,,8.0,185.0,5,"3/6 Brierley Street, Mosman"
MOS-0019,Mosman,Unit,2026-07-31,865000,1,1,1,,8.0,185.0,5,"11/23 Warringah Road, Mosman"
MOS-0020,Mosman,Unit,2026-07-29,825000,1,1,1,,8.0,185.0,5,"8/822 Military Road, Mosman"
MOS-0021,Mosman,Unit,2026-07-27,1600000,2,1,1,,8.0,185.0,5,"6/40 Raglan Street, Mosman"
MOS-0022,Mosman,Unit,2026-07-24,3800000,3,2,2,,8.0,185.0,5,"142/15 Hale Road, Mosman"
MOS-0023,Mosman,House,2026-07-22,8700000,4,3,2,,8.0,185.0,5,"5 Botanic Road, Mosman"
MOS-0024,Mosman,Townhouse,2026-07-21,1630000,2,1,2,,8.0,185.0,5,"2/86 Glover Street, Mosman"
MOS-0025,Mosman,Townhouse,2026-07-21,2900000,3,2,1,,8.0,185.0,5,"23 Dalton Road, Mosman"
MOS-0026,Mosman,Unit,2026-07-20,892000,2,1,,,8.0,185.0,5,"10/16 Avenue Road, Mosman"
MOS-0027,Mosman,Unit,2026-07-16,1050000,2,1,1,,8.0,185.0,5,"4/3 Millett Road, Mosman"
MOS-0028,Mosman,Unit,2026-07-14,785000,1,1,1,,8.0,185.0,5,"7/154 Raglan Street, Mosman"
MOS-0029,Mosman,Unit,2026-07-14,1415000,2,1,1,,8.0,185.0,5,"1/128-130 Avenue Road, Mosman"
MOS-0030,Mosman,Unit,2026-07-09,700000,1,1,,,8.0,185.0,5,"8/6 Punch Street, Mosman"
MOS-0031,Mosman,Unit,2026-07-09,762000,1,1,,,8.0,185.0,5,"13/6 McLeod Street, Mosman"
MOS-0032,Mosman,Unit,2026-07-07,1030000,2,1,1,,8.0,185.0,5,"20/96 Ourimbah Road, Mosman"
MOS-0033,Mosman,Unit,2026-07-07,990000,2,1,,,8.0,185.0,5,"4/125 Raglan Street, Mosman"
MOS-0034,Mosman,Unit,2026-07-03,1310000,2,1,1,,8.0,185.0,5,"22/43 Musgrave Street, Mosman"
MOS-0035,Mosman,Unit,2026-07-03,1025000,2,1,1,,8.0,185.0,5,"22/96 Ourimbah Road, Mosman"
MOS-0036,Mosman,House,2026-07-02,7650000,5,2,2,490,8.0,185.0,5,"3 Gordon Street, Mosman"
MOS-0037,Mosman,House,2026-07-02,3225000,4,2,,,8.0,185.0,5,"67 Cowles Road, Mosman"
MOS-0038,Mosman,House,2026-07-02,2865000,3,2,1,260,8.0,185.0,5,"36 Lang Street, Mosman"
MOS-0039,Mosman,House,2026-07-01,11650000,4,4,2,,8.0,185.0,5,"21 Morella Road, Mosman"
MOS-0040,Mosman,Unit,2026-06-29,1330000,2,1,,,8.0,185.0,5,"Apt 11/163 Avenue Road, Mosman"
MOS-0041,Mosman,Unit,2026-06-29,1925000,3,2,2,,8.0,185.0,5,"31/2B Brady Street, Mosman"
MOS-0042,Mosman,Unit,2026-06-26,610000,0,1,1,,8.0,185.0,5,"9/6 Avenue Road, Mosman"
MOS-0043,Mosman,Unit,2026-06-26,1175000,2,1,1,,8.0,185.0,5,"2/60A Raglan Street, Mosman"
MOS-0044,Mosman,Unit,2026-06-25,1440000,2,2,1,,8.0,185.0,5,"2/81A Glover Street, Mosman"
PAR-0001,Parramatta,Unit,2026-09-28,610000,2,2,1,,24.0,88.0,3,"1103/2 River Road West, Parramatta"
PAR-0002,Parramatta,Unit,2026-09-26,710000,2,2,1,,24.0,88.0,3,"636K/2 Morton Street, Parramatta"
PAR-0003,Parramatta,Unit,2026-09-25,610000,2,1,2,,24.0,88.0,3,"35/76 Great Western Highway, Parramatta"
PAR-0004,Parramatta,Unit,2026-09-25,605000,2,1,1,,24.0,88.0,3,"33/18 Thomas Street, Parramatta"
PAR-0005,Parramatta,Unit,2026-09-23,855000,2,2,1,,24.0,88.0,3,"3410/12 Phillip Street, Parramatta"
PAR-0006,Parramatta,Unit,2026-09-21,620000,2,2,1,,24.0,88.0,3,"1010/6 River Road West, Parramatta"
PAR-0007,Parramatta,Unit,2026-09-19,500000,2,2,1,,24.0,88.0,3,"22/4 Peace Lane, Parramatta"
PAR-0008,Parramatta,Townhouse,2026-09-16,720000,2,1,1,128,24.0,88.0,3,"4/44-50 Thomas Street, Parramatta"
PAR-0009,Parramatta,Unit,2026-09-16,640000,2,2,1,,24.0,88.0,3,"2315/45 Macquarie Street, Parramatta"
PAR-0010,Parramatta,Unit,2026-09-16,570000,2,1,1,,24.0,88.0,3,"1/3 Stewart Street, Parramatta"
PAR-0011,Parramatta,Unit,2026-09-16,600000,2,1,,,24.0,88.0,3,"641/180 George Street, Parramatta"
PAR-0012,Parramatta,Unit,2026-09-14,575000,2,2,1,,24.0,88.0,3,"610/36-46 Cowper Street, Parramatta"
PAR-0013,Parramatta,Unit,2026-09-14,610000,2,2,1,,24.0,88.0,3,"203/2 River Road West, Parramatta"
PAR-0014,Parramatta,Unit,2026-09-12,660000,2,1,1,,24.0,88.0,3,"2/16 Betts Street, Parramatta"
PAR-0015,Parramatta,Unit,2026-09-11,320000,1,1,,,24.0,88.0,3,"1404/1-3 Valentine Avenue, Parramatta"
PAR-0016,Parramatta,Unit,2026-09-11,650000,2,2,1,,24.0,88.0,3,"820K/2 Morton Street, Parramatta"
PAR-0017,Parramatta,Unit,2026-09-11,493000,2,1,1,,24.0,88.0,3,"15/12 Early Street, Parramatta"
PAR-0018,Parramatta,Unit,2026-09-11,687000,2,2,1,,24.0,88.0,3,"1010H/2 Morton Street, Parramatta"
PAR-0019,Parramatta,Unit,2026-09-11,700000,2,2,1,,24.0,88.0,3,"1601/11 Hassall Street, Parramatta"
PAR-0020,Parramatta,Unit,2026-09-11,520000,2,1,1,,24.0,88.0,3,"33/68 Great Western Highway, Parramatta"
PAR-0021,Parramatta,Unit,2026-09-09,547000,1,1,1,,24.0,88.0,3,"1607/45 Macquarie Street, Parramatta"
PAR-0022,Parramatta,Unit,2026-09-08,660000,2,2,1,,24.0,88.0,3,"505/23 Hassall Street, Parramatta"
PAR-0023,Parramatta,Unit,2026-09-04,580000,2,2,1,,24.0,88.0,3,"89/459-463 Church Street, Parramatta"
PAR-0024,Parramatta,Unit,2026-09-04,425000,1,1,1,,24.0,88.0,3,"8/64-66 Great Western Highway, Parramatta"
PAR-0025,Parramatta,Unit,2026-09-04,705000,2,2,1,,24.0,88.0,3,"1702/45 Macquarie Street, Parramatta"
PAR-0026,Parramatta,Unit,2026-09-03,570000,2,2,1,,24.0,88.0,3,"10/4 Peace Lane, Parramatta"
PAR-0027,Parramatta,Unit,2026-09-03,700000,2,2,1,,24.0,88.0,3,"505/330 Church Street, Parramatta"
PAR-0028,Parramatta,Unit,2026-09-01,490000,1,1,,,24.0,88.0,3,"9/178 George Street, Parramatta"
PAR-0029,Parramatta,Unit,2026-08-31,650000,2,1,1,,24.0,88.0,3,"17/10-12 Thomas Street, Parramatta"
PAR-0030,Parramatta,Unit,2026-08-31,569000,2,1,1,,24.0,88.0,3,"3/23 Good Street, Parramatta"
PAR-0031,Parramatta,Unit,2026-08-30,540000,2,2,1,,24.0,88.0,3,"401/6 River Road West, Parramatta"
PAR-0032,Parramatta,Unit,2026-08-28,355000,1,1,1,,24.0,88.0,3,"1403/1-3 Valentine Avenue, Parramatta"
PAR-0033,Parramatta,Unit,2026-08-28,566000,1,1,1,,24.0,88.0,3,"1201/45 Macquarie Street, Parramatta"
PAR-0034,Parramatta,Unit,2026-08-28,680000,2,1,1,,24.0,88.0,3,"5/30-32 Queens Avenue, Parramatta"
MOU-0001,Mount Druitt,House,2026-09-17,900000,5,3,5,543,44.0,57.0,2,"2 Durham Street, Mount Druitt"
MOU-0002,Mount Druitt,House,2026-09-17,925000,3,1,2,455,44.0,57.0,2,"6 Druitt Street, Mount Druitt"
MOU-0003,Mount Druitt,Unit,2026-09-15,310000,1,1,,,44.0,57.0,2,"121/21c Durham Street, Mount Druitt"
MOU-0004,Mount Druitt,House,2026-09-14,1530000,3,1,2,1012,44.0,57.0,2,"12 George Street, Mount Druitt"
MOU-0005,Mount Druitt,Unit,2026-09-11,420000,2,1,1,,44.0,57.0,2,"17/46 Luxford Road, Mount Druitt"
MOU-0006,Mount Druitt,Townhouse,2026-09-07,710000,3,1,2,,44.0,57.0,2,"44/78 Methven Street, Mount Druitt"
MOU-0007,Mount Druitt,Townhouse,2026-09-04,890000,3,2,2,303,44.0,57.0,2,"4/7 Baynes Street, Mount Druitt"
MOU-0008,Mount Druitt,House,2026-09-02,942000,3,1,1,594,44.0,57.0,2,"21 Linden Street, Mount Druitt"
MOU-0009,Mount Druitt,Unit,2026-08-31,385000,2,1,1,,44.0,57.0,2,"8/41 Morehead Avenue, Mount Druitt"
MOU-0010,Mount Druitt,House,2026-08-24,1218000,4,2,2,,44.0,57.0,2,"4 Edith Street, Mount Druitt"
MOU-0011,Mount Druitt,Unit,2026-08-20,410000,2,1,1,,44.0,57.0,2,"3/8 Hythe Street, Mount Druitt"
MOU-0012,Mount Druitt,House,2026-08-20,1290000,3,1,3,1012,44.0,57.0,2,"52 Paull Street, Mount Druitt"
MOU-0013,Mount Druitt,House,2026-08-18,945000,3,1,1,600,44.0,57.0,2,"8 Berry Street, Mount Druitt"
MOU-0014,Mount Druitt,House,2026-08-17,1000000,4,2,1,637,44.0,57.0,2,"86 Palmerston Road, Mount Druitt"
MOU-0015,Mount Druitt,House,2026-08-14,1700000,6,3,10,1012,44.0,57.0,2,"31 Callagher Street, Mount Druitt"
MOU-0016,Mount Druitt,Townhouse,2026-08-13,840000,4,2,2,320,44.0,57.0,2,"1/1-5 Meacher Street, Mount Druitt"
MOU-0017,Mount Druitt,House,2026-08-11,1000000,4,3,1,1120,44.0,57.0,2,"20a Derwent Street, Mount Druitt"
MOU-0018,Mount Druitt,Unit,2026-08-06,435000,2,1,1,,44.0,57.0,2,"28/34 Hythe Street, Mount Druitt"
MOU-0019,Mount Druitt,Townhouse,2026-07-31,685000,3,1,1,207,44.0,57.0,2,"2/17 O'Brien Street, Mount Druitt"
MOU-0020,Mount Druitt,House,2026-07-31,870000,3,1,1,264,44.0,57.0,2,"5/2-4 Meacher Street, Mount Druitt"
MOU-0021,Mount Druitt,Unit,2026-07-30,385000,2,1,1,,44.0,57.0,2,"15/41 Morehead Avenue, Mount Druitt"
MOU-0022,Mount Druitt,Townhouse,2026-07-23,725000,3,1,2,,44.0,57.0,2,"14/29 Methven Street, Mount Druitt"
MOU-0023,Mount Druitt,House,2026-07-23,1105000,5,2,2,,44.0,57.0,2,"2 & 2A Ophir Grove, Mount Druitt"
MOU-0024,Mount Druitt,Townhouse,2026-07-09,660000,3,1,1,,44.0,57.0,2,"14/24 Methven Street, Mount Druitt"
MOU-0025,Mount Druitt,Unit,2026-07-06,520000,2,2,1,,44.0,57.0,2,"11/6-12 The Avenue, Mount Druitt"
MOU-0026,Mount Druitt,Unit,2026-06-30,405000,2,1,1,,44.0,57.0,2,"4/26A Hythe Street, Mount Druitt"
MOU-0027,Mount Druitt,Unit,2026-06-25,410000,1,1,1,,44.0,57.0,2,"23/5-7 The Avenue, Mount Druitt"
MOU-0028,Mount Druitt,House,2026-06-25,440000,2,1,1,104,44.0,57.0,2,"44/2 Hythe Street, Mount Druitt"
MOU-0029,Mount Druitt,Unit,2026-06-24,375000,2,1,1,,44.0,57.0,2,"15/40 Luxford Road, Mount Druitt"
MOU-0030,Mount Druitt,Townhouse,2026-06-20,825000,3,1,1,325,44.0,57.0,2,"13a Notley Street, Mount Druitt"
MOU-0031,Mount Druitt,House,2026-06-19,1530000,11,12,1,505,44.0,57.0,2,"64a Frank Street, Mount Druitt"
MOU-0032,Mount Druitt,Unit,2026-06-18,468000,2,1,2,,44.0,57.0,2,"1/502-514 Carlisle Avenue, Mount Druitt"
MOU-0033,Mount Druitt,Unit,2026-06-17,400000,1,1,1,,44.0,57.0,2,"31/5-7 The Avenue, Mount Druitt"
MOU-0034,Mount Druitt,Unit,2026-06-15,482000,3,1,1,,44.0,57.0,2,"6/26A Hythe Street, Mount Druitt"
MOU-0035,Mount Druitt,Unit,2026-06-15,527000,2,2,1,,44.0,57.0,2,"504/7 Durham Street, Mount Druitt"
MOU-0036,Mount Druitt,Unit,2026-06-05,400000,2,1,1,,44.0,57.0,2,"19/22 Luxford Road, Mount Druitt"
MOU-0037,Mount Druitt,Unit,2026-06-03,641700,2,2,1,,44.0,57.0,2,"B704/1 ZOE PLACE, Mount Druitt"
