property_id,suburb,actual_price,ml_estimate,llm_estimate,human_estimate
PAR-0008,Parramatta,720000,638803.0,680000,702000.0
MOS-0043,Mosman,1175000,1173957.0,1150000,955000.0
PAR-0011,Parramatta,600000,577651.0,580000,610000.0
PAR-0015,Parramatta,320000,533420.0,430000,573000.0
MOU-0011,Mount Druitt,410000,418556.0,400000,385000.0
MOS-0026,Mosman,892000,1176716.0,980000,955000.0
MOU-0020,Mount Druitt,870000,847991.0,820000,1000000.0
MOS-0040,Mosman,1330000,1173957.0,1050000,955000.0
MOS-0038,Mosman,2865000,1960837.0,2700000,5764000.0
PAR-0021,Parramatta,547000,533420.0,520000,573000.0
